File 00,/apps/nwn/aaz/android/p...az/live, /nwn/apps/live/aaz",,,,,
File 10,/apps/nwn/liz/android/p...iz/live, /nwn/apps/live/liz",,,,,
File 11,/apps/nwn/liz/android/t...paper, /nwn/apps/epaper/liz",,,,,
File 12,/apps/nwn/ot/android/ph.../ot/live, /nwn/apps/live/ot",,,,,
File 13,/apps/nwn/ot/android/ph...epaper, /nwn/apps/epaper/ot",,,,,
File 14,/nwn/apps/epaper/saw,,,,,
File 15,/apps/nwn/soz/android/p...oz/live, /nwn/apps/live/soz",,,,,
File 16,/apps/nwn/soz/android/p...paper, /nwn/apps/epaper/soz",,,,,
File 17,/live/aaz2016,,,,,
File 18,/live/bat2016,,,,,
File 19,/live/blz2016,,,,,
File 01,/apps/nwn/aaz/android/p...paper, /nwn/apps/epaper/aaz",,,,,
File 20,/live/bzb2016,,,,,
File 21,/live/gtb2016,,,,,
File 22,/live/liz2016,,,,,
File 23,/live/ot2016,,,,,
File 24,/live/saw,,,,,
File 25,/live/soz2016,,,,,
File 02,/apps/nwn/bat/android/t...at/live, /nwn/apps/live/bat",,,,,
File 03,/apps/nwn/bat/android/p...paper, /nwn/apps/epaper/bat",,,,,
File 04,/apps/nwn/blz/android/p...lz/live, /nwn/apps/live/blz",,,,,
File 05,/apps/nwn/blz/android/p...paper, /nwn/apps/epaper/blz",,,,,
File 06,/apps/nwn/bzb/android/p...zb/live, /nwn/apps/live/bzb",,,,,
File 07,/apps/nwn/bzb/android/p...paper, /nwn/apps/epaper/bzb",,,,,
File 08,/apps/nwn/gtb/live, /nwn/apps/live/gtb",,,,,
File 09,/apps/nwn/gtb/android/t...paper, /nwn/apps/epaper/gtb",,,,,

